ID;Categorie;Nom;Description;Prix;NomPhoto
1;Cigarettes;Austin Blue 8*25;Format 8*25;54.00;20905_austin_blue_8_25.jpg
2;Cigarettes;Austin Red 10*20;Format 10*20;57.00;21157_austin_red_10_20.jpg
3;Cigarettes;Austin Red 4*50;Format 4*50;51.60;22515_austin_red_4_50.jpg
4;Cigarettes;Austin Red 8*25;Format 8*25;54.00;20996_austin_red_8_25.jpg
5;Cigarettes;Bastos Red Soft 8*25;Format 8*25;80.00;21038_bastos_red_soft_8_25.jpg
6;Cigarettes;Benson & Hedges Gold 10*20;Format 10*20;78.00;21231_benson___hedges_gold_10_2.jpg
7;Cigarettes;Camel Activate 10*20;Format 10*20;71.00;20906_camel_activate_10_20.jpg
8;Cigarettes;Camel Activate White 10*20;Format 10*20;71.00;21064_camel_activate_white_10_2.jpg
9;Cigarettes;Camel Filters 10*20;Format 10*20;71.00;20919_camel_filters_10_20.jpg
10;Cigarettes;Camel Filters 100s 10*20;Format 10*20;74.00;20957_camel_filters_100s_10_20.jpg
11;Cigarettes;Camel Filters 5*40;Format 5*40;65.00;20907_camel_filters_5_40.jpg
12;Cigarettes;Camel Filters 8*25;Format 8*25;70.40;21040_camel_filters_8_25.jpg
13;Cigarettes;Camel Filters 8*30;Format 8*30;84.00;20958_camel_filters_8_30.jpg
14;Cigarettes;Camel Filters Blue 10*20;Format 10*20;71.00;21039_camel_filters_blue_10_20.jpg
15;Cigarettes;Camel Filters Blue 5*40;Format 5*40;65.00;20908_camel_filters_blue_5_40.jpg
16;Cigarettes;Camel Filters Blue 8*25;Format 8*25;70.40;21077_camel_filters_blue_8_25.jpg
17;Cigarettes;Camel Filters Blue 8*30;Format 8*30;84.00;20909_camel_filters_blue_8_30.jpg
18;Cigarettes;Camel Natural Blue 10*20;Format 10*20;71.00;20999_camel_natural_blue_10_20.jpg
19;Cigarettes;Camel Natural Red 10*20;Format 10*20;71.00;20807_camel_natural_red_10_20.jpg
20;Cigarettes;Che 10*20;Format 10*20;63.00;21148_che_10_20.jpg
21;Cigarettes;Chesterfield Blue 8*25;Format 8*25;63.20;20949_chesterfield_blue_8_25.jpg
22;Cigarettes;Chesterfield Blue 8*30;Format 8*30;74.40;21056_chesterfield_blue_8_30.jpg
23;Cigarettes;Chesterfield Orange 10*20;Format 10*20;67.00;20948_chesterfield_orange_10_20.jpg
24;Cigarettes;Chesterfield Orange 8*25;Format 8*25;63.20;21057_chesterfield_orange_8_25.jpg
25;Cigarettes;Chesterfield Orange 8*30;Format 8*30;74.40;20950_chesterfield_orange_8_30.jpg
26;Cigarettes;Corset Slim Fresh 10*20;Format 10*20;55.00;21309_corset_slim_fresh_10_20.jpg
27;Cigarettes;Corset Slim Lila 10*20;Format 10*20;55.00;21232_corset_slim_lila_10_20.jpg
28;Cigarettes;Corset Slim Pink 10*20;Format 10*20;55.00;21027_corset_slim_pink_10_20.jpg
29;Cigarettes;Davidoff Classic 10*20;Format 10*20;79.00;21019_davidoff_classic_10_20.jpg
30;Cigarettes;Davidoff Gold 10*20;Format 10*20;79.00;21176_davidoff_gold_10_20.jpg
31;Cigarettes;Ducal Blue 8*30;Format 8*30;66.40;21000_ducal_blue_8_30.jpg
32;Cigarettes;Ducal Gold 8*30;Format 8*30;66.40;20912_ducal_gold_8_30.jpg
33;Cigarettes;Ducal Red 4*50;Format 4*50;54.00;20981_ducal_red_4_50.jpg
34;Cigarettes;Ducal Red 5*40;Format 5*40;54.00;21158_ducal_red_5_40.jpg
35;Cigarettes;Ducal Red 8*25;Format 8*25;56.80;20980_ducal_red_8_25.jpg
36;Cigarettes;Ducal Red 8*30;Format 8*30;66.40;20913_ducal_red_8_30.jpg
37;Cigarettes;Ducal Silver 8*30;Format 8*30;66.40;21013_ducal_silver_8_30.jpg
38;Cigarettes;Dunhill International Red 10*20;Format 10*20;88.00;20910_dunhill_international_red.jpg
39;Cigarettes;Elixyr Blue 10*20;Format 10*20;61.00;21079_elixyr_blue_10_20.jpg
40;Cigarettes;Elixyr Blue 5*40;Format 5*40;54.50;21081_elixyr_blue_5_40.jpg
41;Cigarettes;Elixyr Blue 8*25;Format 8*25;57.60;20911_elixyr_blue_8_25.jpg
42;Cigarettes;Elixyr Duo 10*20;Format 10*20;61.00;21501_elixyr_duo_10_20.jpg
43;Cigarettes;Elixyr Plus M-Type 10*20;Format 10*20;61.00;21485_elixyr_plus_m_type_10_20.jpg
44;Cigarettes;Elixyr Plus M-Type 8*25;Format 8*25;57.60;21670_elixyr_plus_m_type_8_25.jpg
45;Cigarettes;Elixyr Plus X-Type 10*20;Format 10*20;61.00;21506_elixyr_plus_x_type_10_20.jpg
46;Cigarettes;Elixyr Plus X-Type 8*25;Format 8*25;57.60;21080_elixyr_plus_x_type_8_25.jpg
47;Cigarettes;Elixyr Red 10*20;Format 10*20;61.00;20939_elixyr_red_10_20.jpg
48;Cigarettes;Elixyr Red 100s 10*20;Format 10*20;61.00;20956_elixyr_red_100s_10_20.jpg
49;Cigarettes;Elixyr Red 4*50;Format 4*50;54.40;20982_elixyr_red_4_50.jpg
50;Cigarettes;Elixyr Red 5*40;Format 5*40;54.50;20979_elixyr_red_5_40.jpg
51;Cigarettes;Elixyr Red 8*25;Format 8*25;57.60;20903_elixyr_red_8_25.jpg
52;Cigarettes;Elixyr Red 8*30;Format 8*30;67.20;20902_elixyr_red_8_30.jpg
53;Cigarettes;Fortuna Blue 8*25;Format 8*25;57.60;20900_fortuna_blue_8_25.jpg
54;Cigarettes;Fortuna Red 6*50;Format 6*50;83.40;21172_fortuna_red_6_50.jpg
55;Cigarettes;Fortuna Red 8*25;Format 8*25;57.60;20901_fortuna_red_8_25.jpg
56;Cigarettes;Gauloises Additivs Free Red 10*20;Format 10*20;65.00;22463_gauloises_additivs_free_r.jpg
57;Cigarettes;Gauloises Blondes Blue 10*20;Format 10*20;67.00;20899_gauloises_blondes_blue_10.jpg
58;Cigarettes;Gauloises Blondes Blue 6*50;Format 6*50;90.00;21147_gauloises_blondes_blue_6_.jpg
59;Cigarettes;Gauloises Blondes Blue 8*25;Format 8*25;66.40;20952_gauloises_blondes_blue_8_.jpg
60;Cigarettes;Gauloises Blondes Blue 8*30;Format 8*30;77.60;20978_gauloises_blondes_blue_8_.jpg
61;Cigarettes;Gauloises Blondes Red 10*20;Format 10*20;67.00;21023_gauloises_blondes_red_10_.jpg
62;Cigarettes;Gauloises Blondes Red 8*25;Format 8*25;66.40;21050_gauloises_blondes_red_8_2.jpg
63;Cigarettes;Gauloises Blondes Red 8*30;Format 8*30;77.60;21049_gauloises_blondes_red_8_3.jpg
64;Cigarettes;Gauloises Brunes 10*20;Format 10*20;82.00;20953_gauloises_brunes_10_20.jpg
65;Cigarettes;Gauloises Brunes Filtre 10*20;Format 10*20;82.00;21065_gauloises_brunes_filtre_1.jpg
66;Cigarettes;Gauloises Caporal Brunes 8*25;Format 8*25;80.00;21076_gauloises_caporal_brunes_.jpg
67;Cigarettes;Gauloises Gold 8*25;Format 8*25;62.40;21280_gauloises_gold_8_25.jpg
68;Cigarettes;Gitanes Filtre 10*20;Format 10*20;85.00;21445_gitanes_filtre_10_20.jpg
69;Cigarettes;John Player Additive Free 8*25;Format 8*25;59.20;20898_john_player_additive_free.jpg
70;Cigarettes;John Player Special Black 10*20;Format 10*20;62.00;20897_john_player_special_black.jpg
71;Cigarettes;John Player Special Black 100s 10*20;Format 10*20;60.00;22787_john_player_special_black.jpg
72;Cigarettes;John Player Special Blue 10*20;Format 10*20;62.00;21156_john_player_special_blue_.jpg
73;Cigarettes;John Player Special Blue 8*25;Format 8*25;59.20;21018_john_player_special_blue_.jpg
74;Cigarettes;John Player Special Blue 8*30;Format 8*30;68.80;21017_john_player_special_blue_.jpg
75;Cigarettes;John Player Special Fresh 10*20;Format 10*20;62.00;21219_john_player_special_fresh.jpg
76;Cigarettes;John Player Special Red 10*20;Format 10*20;62.00;20995_john_player_special_red_1.jpg
77;Cigarettes;John Player Special Red 4*40;Format 4*40;44.80;21154_john_player_special_red_4.jpg
78;Cigarettes;John Player Special Red 6*50;Format 6*50;84.00;21015_john_player_special_red_6.jpg
79;Cigarettes;John Player Special Red 8*25;Format 8*25;59.20;21037_john_player_special_red_8.jpg
80;Cigarettes;John Player Special Red 8*30;Format 8*30;68.80;20940_john_player_special_red_8.jpg
81;Cigarettes;Karelia Slims 10*20;Format 10*20;55.00;20951_karelia_slims_10_20.jpg
82;Cigarettes;Karelia Slims Blue 10*20;Format 10*20;55.00;21069_karelia_slims_blue_10_20.jpg
83;Cigarettes;Karelia Slims Cream Color 10*20;Format 10*20;55.00;14970_karelia_slims_cream_color.jpg
84;Cigarettes;Karelia Slims Green 10*20;Format 10*20;55.00;21171_karelia_slims_green_10_20.jpg
85;Cigarettes;Kent Surround 10*20;Format 10*20;75.00;21070_kent_surround_10_20.jpg
86;Cigarettes;Kent Surround 100s 10*20;Format 10*20;76.00;20896_kent_surround_100s_10_20.jpg
87;Cigarettes;Kent White Box 10*20;Format 10*20;75.00;21305_kent_white_box_10_20.jpg
88;Cigarettes;Lm Blue Label 10*20;Format 10*20;67.00;20888_lm_blue_label_10_20.jpg
89;Cigarettes;Lm Blue Label 8*25;Format 8*25;66.40;20964_lm_blue_label_8_25.jpg
90;Cigarettes;Lm Original Label 8*25;Format 8*25;68.80;21001_lm_original_label_8_25.jpg
91;Cigarettes;Lm Original Label 8*30;Format 8*30;80.00;21151_lm_original_label_8_30.jpg
92;Cigarettes;Lm Red Label 10*20;Format 10*20;67.00;20889_lm_red_label_10_20.jpg
93;Cigarettes;Lm Red Label 5*40;Format 5*40;60.00;22513_lm_red_label_5_40.jpg
94;Cigarettes;Lm Red Label 8*25;Format 8*25;66.40;21011_lm_red_label_8_25.jpg
95;Cigarettes;Lm Red Label 8*30;Format 8*30;80.00;21036_lm_red_label_8_30.jpg
96;Cigarettes;Lucky Strike Auth Blue 10*20;Format 10*20;68.00;21180_lucky_strike_auth_blue_10.jpg
97;Cigarettes;Lucky Strike Blue 10*20;Format 10*20;65.00;21067_lucky_strike_blue_10_20.jpg
98;Cigarettes;Lucky Strike Blue 8*25;Format 8*25;65.60;20963_lucky_strike_blue_8_25.jpg
99;Cigarettes;Lucky Strike Ice 10*20;Format 10*20;68.00;20998_lucky_strike_ice_10_20.jpg
100;Cigarettes;Lucky Strike Ice Green 10*20;Format 10*20;68.00;21025_lucky_strike_ice_green_10.jpg
101;Cigarettes;Lucky Strike Red 10*20;Format 10*20;68.00;20890_lucky_strike_red_10_20.jpg
102;Cigarettes;Lucky Strike Red 5*40;Format 5*40;61.00;21114_lucky_strike_red_5_40.jpg
103;Cigarettes;Lucky Strike Red 6*50;Format 6*50;90.00;22640_lucky_strike_red_6_50.jpg
104;Cigarettes;Lucky Strike Red 8*25;Format 8*25;65.60;20891_lucky_strike_red_8_25.jpg
105;Cigarettes;Lucky Strike Red 8*30;Format 8*30;76.80;21177_lucky_strike_red_8_30.jpg
106;Cigarettes;Lucky Strike Red Additive Free 10*20;Format 10*20;68.00;21078_lucky_strike_red_additive.jpg
107;Cigarettes;Lucky Strike Red Soft 8*25;Format 8*25;74.40;21271_lucky_strike_red_soft_8_2.jpg
108;Cigarettes;Mademoiselle Blanche 10*20;Format 10*20;59.00;21012_mademoiselle_blanche_10_2.jpg
109;Cigarettes;Mademoiselle La Bleue 10*20;Format 10*20;59.00;20965_mademoiselle_la_bleue_10_.jpg
110;Cigarettes;Mademoiselle La Bleue 10*40;Format 10*40;109.00;21464_mademoiselle_la_bleue_10_.jpg
111;Cigarettes;Mademoiselle La Fresh 10*20;Format 10*20;59.00;21026_mademoiselle_la_fresh_10_.jpg
112;Cigarettes;Mademoiselle La Fusion 10*20;Format 10*20;58.00;21240_mademoiselle_la_fusion_10.jpg
113;Cigarettes;Mademoiselle La Rose 10*20;Format 10*20;59.00;21184_mademoiselle_la_rose_10_2.jpg
114;Cigarettes;Marlboro 10*20;Format 10*20;77.00;20816_marlboro_10_20.jpg
115;Cigarettes;Marlboro 100s 10*20;Format 10*20;78.00;20893_marlboro_100s_10_20.jpg
116;Cigarettes;Marlboro 8*25;Format 8*25;76.80;21014_marlboro_8_25.jpg
117;Cigarettes;Marlboro Crafted Gold 10*20;Format 10*20;65.00;22271_marlboro_crafted_gold_10_.jpg
118;Cigarettes;Marlboro Crafted Red 10*20;Format 10*20;65.00;22270_marlboro_crafted_red_10_2.jpg
119;Cigarettes;Marlboro Flavor Mix 10*20;Format 10*20;77.00;20997_marlboro_flavor_mix_10_20.jpg
120;Cigarettes;Marlboro Gold 10*20;Format 10*20;77.00;21010_marlboro_gold_10_20.jpg
121;Cigarettes;Marlboro Gold 100s 10*20;Format 10*20;76.00;20894_marlboro_gold_100s_10_20.jpg
122;Cigarettes;Marlboro Gold 5*40;Format 5*40;65.00;20960_marlboro_gold_5_40.jpg
123;Cigarettes;Marlboro Gold 6*50;Format 6*50;99.00;22754_marlboro_gold_6_50.jpg
124;Cigarettes;Marlboro Gold 8*25;Format 8*25;76.80;20881_marlboro_gold_8_25.jpg
125;Cigarettes;Marlboro Gold 8*30;Format 8*30;89.60;20959_marlboro_gold_8_30.jpg
126;Cigarettes;Marlboro Red 5*40;Format 5*40;65.00;20985_marlboro_red_5_40.jpg
127;Cigarettes;Marlboro Red 6*50;Format 6*50;99.00;22765_marlboro_red_6_50.jpg
128;Cigarettes;Marlboro Red 8*30;Format 8*30;89.60;20895_marlboro_red_8_30.jpg
129;Cigarettes;Maryland Filtre 8*25;Format 8*25;69.60;20962_maryland_filtre_8_25.jpg
130;Cigarettes;Maya Original Additive Free 10*20;Format 10*20;64.00;21482_maya_original_additive_fr.jpg
131;Cigarettes;Montego Pre-Rolls Lemon Haze X2 1gr;Cartouche;10.00;20711_montego_pre_rolls_lemon_h.jpg
132;Cigarettes;Montego Pre-Rolls Strawberry X2 1gr;Cartouche;10.00;20712_montego_pre_rolls_strawbe.jpg
133;Cigarettes;News Blue 8*25;Format 8*25;60.80;20942_news_blue_8_25.jpg
134;Cigarettes;News Fresh 10*20;Format 10*20;60.00;21051_news_fresh_10_20.jpg
135;Cigarettes;News Red 10*20;Format 10*20;62.00;20930_news_red_10_20.jpg
136;Cigarettes;News Red 100s 10*20;Format 10*20;62.00;21074_news_red_100s_10_20.jpg
137;Cigarettes;News Red 6*50;Format 6*50;87.00;20941_news_red_6_50.jpg
138;Cigarettes;News Red 8*25;Format 8*25;60.80;20976_news_red_8_25.jpg
139;Cigarettes;News Red 8*30;Format 8*30;72.00;20975_news_red_8_30.jpg
140;Cigarettes;Ome Green Superslim 10*20;Format 10*20;58.00;21082_ome_green_superslim_10_20.jpg
141;Cigarettes;Ome Rose Superslim 10*20;Format 10*20;58.00;21226_ome_rose_superslim_10_20.jpg
142;Cigarettes;Ome White Superslim 10*20;Format 10*20;58.00;21028_ome_white_superslim_10_20.jpg
143;Cigarettes;Ome Yellow Superslim 10*20;Format 10*20;58.00;20974_ome_yellow_superslim_10_2.jpg
144;Cigarettes;P Stuyvesant Ks Red 8*25;Format 8*25;73.60;21035_p_stuyvesant_ks_red_8_25.jpg
145;Cigarettes;Pall Mall Additive Free 8*25;Format 8*25;60.80;21066_pall_mall_additive_free_8.jpg
146;Cigarettes;Pall Mall Blue 8*30;Format 8*30;70.40;21034_pall_mall_blue_8_30.jpg
147;Cigarettes;Pall Mall Blue San Francisco 8*25;Format 8*25;60.80;20947_pall_mall_blue_san_franci.jpg
148;Cigarettes;Pall Mall Red 10*20;Format 10*20;62.00;20973_pall_mall_red_10_20.jpg
149;Cigarettes;Pall Mall Red 5*40;Format 5*40;57.00;20886_pall_mall_red_5_40.jpg
150;Cigarettes;Pall Mall Red 6*50;Format 6*50;82.80;22639_pall_mall_red_6_50.jpg
151;Cigarettes;Pall Mall Red 8*25;Format 8*25;60.80;20887_pall_mall_red_8_25.jpg
152;Cigarettes;Pall Mall Red 8*30;Format 8*30;67.20;20955_pall_mall_red_8_30.jpg
153;Cigarettes;Paramount 8*30;Format 8*30;64.80;22650_paramount_8_30.jpg
154;Cigarettes;Philip Morris Filter Kings 10*20;Format 10*20;65.00;20972_philip_morris_filter_king.jpg
155;Cigarettes;Philip Morris Filter Kings 5*40;Format 5*40;63.00;22291_philip_morris_filter_king.jpg
156;Cigarettes;Pueblo Without Additives 10*20;Format 10*20;59.00;21187_pueblo_without_additives_.jpg
157;Cigarettes;Rothmans Red 10*20;Format 10*20;57.00;22128_rothmans_red_10_20.jpg
158;Cigarettes;The King 10*20;Format 10*20;54.00;22645_the_king_10_20.jpg
159;Cigarettes;Vogue Blue 10*20;Format 10*20;75.00;20966_vogue_blue_10_20.jpg
160;Cigarettes;Vogue Pastel 10*20;Format 10*20;75.00;20971_vogue_pastel_10_20.jpg
161;Cigarettes;Vogue Verte Ice 10*20;Format 10*20;75.00;20884_vogue_verte_ice_10_20.jpg
162;Cigarettes;West Red 10*20;Format 10*20;60.00;22788_west_red_10_20.jpg
163;Cigarettes;West Red 6*50;Format 6*50;82.80;21024_west_red_6_50.jpg
164;Cigarettes;West Red 8*25;Format 8*25;56.00;21052_west_red_8_25.jpg
165;Cigarettes;West Red 8*30;Format 8*30;67.20;21113_west_red_8_30.jpg
166;Cigarettes;West Silver 8*25;Format 8*25;56.00;21123_west_silver_8_25.jpg
167;Cigarettes;West Silver 8*30;Format 8*30;67.20;21234_west_silver_8_30.jpg
168;Cigarettes;Winfield Red 8*30;Format 8*30;71.20;20938_winfield_red_8_30.jpg
169;Cigarettes;Winston Black 5*40;Format 5*40;63.00;21150_winston_black_5_40.jpg
170;Cigarettes;Winston Blender 10*20;Format 10*20;65.00;20961_winston_blender_10_20.jpg
171;Cigarettes;Winston Blue 10*20;Format 10*20;65.00;20883_winston_blue_10_20.jpg
172;Cigarettes;Winston Blue 100s 10*20;Format 10*20;65.00;21016_winston_blue_100s_10_20.jpg
173;Cigarettes;Winston Blue 5*40;Format 5*40;63.00;21058_winston_blue_5_40.jpg
174;Cigarettes;Winston Blue 8*25;Format 8*25;64.80;21068_winston_blue_8_25.jpg
175;Cigarettes;Winston Blue 8*30;Format 8*30;78.40;20882_winston_blue_8_30.jpg
176;Cigarettes;Winston Blue S-Line 10*20;Format 10*20;65.00;21282_winston_blue_s_line_10_20.jpg
177;Cigarettes;Winston Red 10*20;Format 10*20;65.00;20986_winston_classic_10_20.jpg
178;Cigarettes;Winston Red 8*25;Format 8*25;64.80;20983_winston_classic_8_25.jpg
179;Cigarettes;Winston Red 8*30;Format 8*30;78.40;20954_winston_classic_8_30.jpg
180;Cigarettes;Winston Red 100s 10*20;Format 10*20;65.00;20916_winston_classic_red_100s_.jpg
181;Cigarettes;Winston Expand 10*20;Format 10*20;65.00;21020_winston_expand_10_20.jpg
182;Cigarettes;Winston Red 5*40;Format 5*40;63.00;20937_winston_red_5_40.jpg
183;Cigarettes;Winston White 8*25;Format 8*25;64.80;20943_winston_white_8_25.jpg
184;Tabac;Ajja 17 Blond 10*50g;Format 10*50;109.00;21303_ajja_17_blond_10_50g.jpg
185;Tabac;Ajja 17 Corse 10*50g;Format 10*50;109.00;21304_ajja_17_corse_10_50g.jpg
186;Tabac;Amber Leaf 10*50;Format 10*50;133.00;20876_amber_leaf_10_50.jpg
187;Tabac;Austin Red Volume Bucket 225;Pot / Blague;32.70;20835_austin_red_volume_bucket_.jpg
188;Tabac;Biggelaars Tobacco Farm 10*50;Format 10*50;75.00;21704_biggelaars_tobacco_farm_1.jpg
189;Tabac;Brandaris 10*50g;Format 10*50;123.00;21388_brandaris_10_50g.jpg
190;Tabac;Camel 250 Bucket;Pot / Blague;41.00;20837_camel_250_bucket.jpg
191;Tabac;Camel Bleu 250 Bucket;Pot / Blague;41.00;20838_camel_bleu_250_bucket.jpg
192;Tabac;Camel Bleue Hvt 125;Pot / Blague;20.60;20839_camel_bleue_hvt_125.jpg
193;Tabac;Camel Blue 175;Pot / Blague;30.00;22656_camel_blue_175.jpg
194;Tabac;Camel Blue 190;Pot / Blague;31.20;20840_camel_blue_190.jpg
195;Tabac;Camel Bucket 400;Pot / Blague;65.40;20841_camel_bucket_400.jpg
196;Tabac;Camel Giga Bucket Hvt 650;Pot / Blague;104.00;20808_camel_giga_bucket_hvt_650.jpg
197;Tabac;Camel Hand Rolling Jaune 10 X 30;Pot / Blague;58.00;20842_camel_hand_rolling_jaune_.jpg
198;Tabac;Camel Hvt 125;Pot / Blague;20.60;20843_camel_hvt_125.jpg
199;Tabac;Camel Myo Expert Cut 300;Pot / Blague;50.40;20845_camel_myo_expert_cut_300.jpg
200;Tabac;Camel Premium Yellow 175;Pot / Blague;30.00;22648_camel_premium_yellow_175.jpg
201;Tabac;Che Brun 200;Pot / Blague;29.00;20846_che_brun_200.jpg
202;Tabac;Cutters Choice 10*50;Format 10*50;132.00;21416_cutters_choice_10_50.jpg
203;Tabac;Drum Original 10*50;Format 10*50;108.00;20847_drum_original_10_50.jpg
204;Tabac;Drum Sky Blue 10*50;Format 10*50;108.00;21814_drum_sky_blue_10_50.jpg
205;Tabac;Ducal Original Blue 200;Pot / Blague;29.00;20848_ducal_original_blue_200.jpg
206;Tabac;Ducal Original Gold 200;Pot / Blague;29.00;20849_ducal_original_gold_200.jpg
207;Tabac;Ducal Original Red 200;Pot / Blague;29.00;20806_ducal_original_red_200.jpg
208;Tabac;Ducal Red Volume 125;Pot / Blague;17.10;20850_ducal_red_volume_125.jpg
209;Tabac;Ducal Volume Jumbo Tobacco 500;Pot / Blague;72.60;20851_ducal_volume_jumbo_tobacc.jpg
210;Tabac;Ducal Volume Tobacco 250;Pot / Blague;36.30;20852_ducal_volume_tobacco_250.jpg
211;Tabac;Elixyr American Blend 10*30;Format 10*30;44.00;20853_elixyr_american_blend_10_.jpg
212;Tabac;Elixyr American Blend 100;Pot / Blague;14.50;20854_elixyr_american_blend_100.jpg
213;Tabac;Elixyr American Blend 300;Pot / Blague;43.50;20855_elixyr_american_blend_300.jpg
214;Tabac;Elixyr Original Blue 300;Pot / Blague;43.50;20857_elixyr_original_blue_300.jpg
215;Tabac;Elixyr Original Red 500;Pot / Blague;72.60;20858_elixyr_original_red_500.jpg
216;Tabac;Elixyr Red Maxx 125;Pot / Blague;18.20;20860_elixyr_red_maxx_125.jpg
217;Tabac;Elixyr Red Mega Maxx 500;Pot / Blague;72.60;20861_elixyr_red_mega_maxx_500.jpg
218;Tabac;Elixyr Red Volume Maxx 400;Pot / Blague;58.00;20862_elixyr_red_volume_maxx_40.jpg
219;Tabac;Elixyr Volume Maxx 250;Pot / Blague;36.30;20863_elixyr_volume_maxx_250.jpg
220;Tabac;Elixyr Volume Maxx 80;Pot / Blague;11.60;20864_elixyr_volume_maxx_80.jpg
221;Tabac;Elixyr Volume Maxx 800;Pot / Blague;116.00;21133_elixyr_volume_maxx_800.jpg
222;Tabac;Elixyr Volume Maxx Blue 250;Pot / Blague;36.30;20865_elixyr_volume_maxx_blue_2.jpg
223;Tabac;Fleur Du Pays Nr 1 10*50;Format 10*50;93.00;20866_fleur_du_pays_nr_1_10_50.jpg
224;Tabac;Fleur Du Pays Nr.1 A. Bl 200;Pot / Blague;34.80;20867_fleur_du_pays_nr_1_a__bl_.jpg
225;Tabac;Gauloises Blond Blue Volume 125;Pot / Blague;20.00;20868_gauloises_blond_blue_volu.jpg
226;Tabac;Gauloises Melange Original Coupe Fine 10*50;Format 10*50;103.00;21053_gauloises_melange_origina.jpg
227;Tabac;Gauloises Melange Original Coupe Fine 200;Pot / Blague;36.00;20869_gauloises_melange_origina.jpg
228;Tabac;Golden Virginia 10*50;Format 10*50;125.00;20870_golden_virginia_10_50.jpg
229;Tabac;Herbz Galaxy Glue 5g;Pot / Blague;16.50;22130_herbz_galaxy_glue_5g.jpg
230;Tabac;Herbz Pineapple Punch 5g;Pot / Blague;16.50;22131_herbz_pineapple_punch_5g.jpg
231;Tabac;Herbz Roll Your Own Cannabis 16g;Pot / Blague;19.50;22786_herbz_roll_your_own_canna.jpg
232;Tabac;Herbz Super Skunk 5g;Pot / Blague;16.50;22129_herbz_super_skunk_5g.jpg
233;Tabac;Interval Blond 10*50g;Format 10*50;77.00;21302_interval_blond_10_50g.jpg
234;Tabac;Interval Blond 250;Pot / Blague;38.00;20871_interval_blond_250.jpg
235;Tabac;Javaanse Jongens 8*50g;Format 8*50;88.00;22240_javaanse_jongens_8_50g.jpg
236;Tabac;John Player Additive Free 100;Pot / Blague;14.50;21149_john_player_additive_free.jpg
237;Tabac;John Player Special Blue Volume Tobacco 250;Pot / Blague;38.00;20872_john_player_special_blue_.jpg
238;Tabac;John Player Special Red 125;Pot / Blague;18.90;20873_john_player_special_red_1.jpg
239;Tabac;John Player Special Red 175;Pot / Blague;27.00;22518_john_player_special_red_1.jpg
240;Tabac;John Player Special Red 300;Pot / Blague;47.00;21111_john_player_special_red_3.jpg
241;Tabac;John Player Special Volume Tobacco 250;Pot / Blague;38.00;21007_john_player_special_volum.jpg
242;Tabac;John Player Special Volume Tobacco 400;Pot / Blague;61.00;21145_john_player_special_volum.jpg
243;Tabac;John Player Special Volume Tobacco 500;Pot / Blague;76.00;21116_john_player_special_volum.jpg
244;Tabac;John Player Special Volume Tobacco 650;Pot / Blague;98.00;20922_john_player_special_volum.jpg
245;Tabac;John Player Special Volume Tobacco 850;Pot / Blague;124.00;21719_john_player_special_volum.jpg
246;Tabac;John Player Special Volume Tobacco 90;Pot / Blague;13.50;21652_john_player_special_volum.jpg
247;Tabac;Jps 8*60;Format 8*60;96.00;21450_jps_8_60.jpg
248;Tabac;Jps Zwaar Xl 8*60g;Format 8*60;99.20;21284_jps_zwaar_xl_8_60g.jpg
249;Tabac;Keops Ab Volume 250;Pot / Blague;34.10;21811_keops_ab_volume_250.jpg
250;Tabac;Keops Ab Volume Xxl 650;Pot / Blague;94.20;21739_keops_ab_volume_xxl_650.jpg
251;Tabac;Keops Bleu Brun 5x50;Pot / Blague;34.25;20363_keops_bleu_brun_5x50.jpg
252;Tabac;Keops Green Pipe 250;Pot / Blague;36.20;21810_keops_green_pipe_250.jpg
253;Tabac;Keops Zware Shag 5x50;Pot / Blague;36.25;20179_keops_zware_shag_5x50.jpg
254;Tabac;Lm Blue Myo 150;Pot / Blague;23.60;22635_lm_blue_myo_150.jpg
255;Tabac;Lm Original Label 250;Pot / Blague;39.00;21031_lm_original_label_250.jpg
256;Tabac;Lm Original Red Myo 150;Pot / Blague;23.60;22063_lm_original_red_myo_150.jpg
257;Tabac;Lm Volume Tobacco 125;Pot / Blague;19.00;21046_lm_volume_tobacco_125.jpg
258;Tabac;Lm Volume Tobacco 250;Pot / Blague;38.00;20918_lm_volume_tobacco_250.jpg
259;Tabac;Lm Volume Tobacco 500;Pot / Blague;75.00;20933_lm_volume_tobacco_500.jpg
260;Tabac;Lm Volume Tobacco 650;Pot / Blague;97.60;20984_lm_volume_tobacco_650.jpg
261;Tabac;Look Out Holland Black 10*50g;Format 10*50;90.00;22255_look_out_holland_black_10.jpg
262;Tabac;Look Out Holland Blue 10*50g;Format 10*50;90.00;22213_look_out_holland_blue_10_.jpg
263;Tabac;Luckies Us Blend 30g;Pot / Blague;6.10;21063_luckies_us_blend_30g.jpg
264;Tabac;Lucky Strike 10*50g;Format 10*50;98.00;21061_lucky_strike_10_50g.jpg
265;Tabac;Lucky Strike Blue Ryo Pouch 10*50;Format 10*50;98.00;22776_lucky_strike_blue_ryo_pou.jpg
266;Tabac;Lucky Strike Giga Bucket 700;Pot / Blague;105.00;20988_lucky_strike_giga_bucket_.jpg
267;Tabac;Lucky Strike Red 250 Bt;Pot / Blague;39.90;21048_lucky_strike_red_250_bt.jpg
268;Tabac;Lucky Strike Red Volume Seau 250;Pot / Blague;37.50;21043_lucky_strike_red_volume_s.jpg
269;Tabac;Lucky Strike Volume 175;Pot / Blague;27.00;21022_lucky_strike_volume_175.jpg
270;Tabac;Lucky Strike Vt Red 500;Pot / Blague;75.00;20989_lucky_strike_vt_red_500.jpg
271;Tabac;Marlboro Fine Red Cut Tobacco 150;Pot / Blague;24.00;21996_marlboro_fine_red_cut_tob.jpg
272;Tabac;Marlboro Gold 300;Pot / Blague;47.70;21045_marlboro_gold_300.jpg
273;Tabac;Marlboro Gold Fine Cut Tobacco 150;Pot / Blague;24.00;21995_marlboro_gold_fine_cut_to.jpg
274;Tabac;Marlboro Red 300;Pot / Blague;47.70;20817_marlboro_red_300.jpg
275;Tabac;Marlboro Red Volume 125;Pot / Blague;20.00;21041_marlboro_red_volume_125.jpg
276;Tabac;Marlboro Volume Tobacco 250;Pot / Blague;38.50;21009_marlboro_volume_tobacco_2.jpg
277;Tabac;Marlboro Volume Tobacco 500;Pot / Blague;76.00;20921_marlboro_volume_tobacco_5.jpg
278;Tabac;Marlboro Volume Tobacco 650;Pot / Blague;98.00;21005_marlboro_volume_tobacco_6.jpg
279;Tabac;News Blue Volume Tobacco 250;Pot / Blague;37.80;21481_news_blue_volume_tobacco_.jpg
280;Tabac;News Red Extra Large Zipbag 200;Pot / Blague;31.50;22638_news_red_extra_large_zipb.jpg
281;Tabac;News Red Volume Tobacco 125;Pot / Blague;19.50;20920_news_red_volume_tobacco_1.jpg
282;Tabac;News Red Volume Tobacco 250;Pot / Blague;39.00;20934_news_red_volume_tobacco_2.jpg
283;Tabac;News Red Volume Tobacco 400;Pot / Blague;62.60;20935_news_red_volume_tobacco_4.jpg
284;Tabac;News Red Volume Tobacco 500;Pot / Blague;78.00;20927_news_red_volume_tobacco_5.jpg
285;Tabac;News Red Volume Tobacco 650;Pot / Blague;102.00;20990_news_red_volume_tobacco_6.jpg
286;Tabac;News Red Volume Tobacco 850;Pot / Blague;126.00;21729_news_red_volume_tobacco_8.jpg
287;Tabac;News Red Volume Tobacco 90;Pot / Blague;12.50;21155_news_red_volume_tobacco_9.jpg
288;Tabac;Pall Mall Allround Full Flavour 500;Pot / Blague;74.60;20917_pall_mall_allround_full_f.jpg
289;Tabac;Pall Mall Authentic Bleu 175;Pot / Blague;27.00;21060_pall_mall_authentic_bleu_.jpg
290;Tabac;Pall Mall Red Dutch Blend 10*50g;Format 10*50;100.00;22239_pall_mall_red_dutch_blend.jpg
291;Tabac;Pall Mall Red Roll 250;Pot / Blague;38.00;21244_pall_mall_red_roll_250.jpg
292;Tabac;Pall Mall Red Us Blend Ryo 10*50;Format 10*50;90.00;22777_pall_mall_red_us_blend_ry.jpg
293;Tabac;Pall Mall Red Volume 175;Pot / Blague;27.00;21248_pall_mall_red_volume_175.jpg
294;Tabac;Pall Mall Red Volume 700;Pot / Blague;104.00;21006_pall_mall_red_volume_700.jpg
295;Tabac;Pall Mall Vt 250 Seau;Pot / Blague;37.00;20925_pall_mall_vt_250_seau.jpg
296;Tabac;Paramount Red Extra 600;Pot / Blague;87.00;22138_paramount_red_extra_600.jpg
297;Tabac;Pueblo Blue 10*30;Format 10*30;62.00;20878_pueblo_blue_10_30.jpg
298;Tabac;Pueblo Pink 10*30;Format 10*30;62.00;22767_pueblo_pink_10_30.jpg
299;Tabac;Pueblo Without Additives 10*30;Format 10*30;62.00;21062_pueblo_without_additives_.jpg
300;Tabac;Pueblo Without Additives 100;Pot / Blague;19.90;21153_pueblo_without_additives_.jpg
301;Tabac;Samson 10*50;Format 10*50;110.00;21032_samson_10_50.jpg
302;Tabac;Sauvage Blond 10*30;Format 10*30;47.00;21152_sauvage_blond_10_30.jpg
303;Tabac;Sauvage Blond 80;Pot / Blague;11.70;21112_sauvage_blond_80.jpg
304;Tabac;Tabac Special Gout Francais 200;Pot / Blague;29.20;21262_tabac_special_gout_franca.jpg
305;Tabac;Tabac Special Gout Francais 5*50;Format 5*50;36.00;21451_tabac_special_gout_franca.jpg
306;Tabac;Texas Blue 10*50;Format 10*50;90.00;21135_texas_blue_10_50.jpg
307;Tabac;Texas Dark 10*50;Format 10*50;90.00;21033_texas_dark_10_50.jpg
308;Tabac;Turner Blue Label 5*50;Format 5*50;36.50;20877_turner_blue_label_5_50.jpg
309;Tabac;Van Nelle Stevige Shag 10*50;Format 10*50;120.00;21029_van_nelle_stevige_shag_10.jpg
310;Tabac;Van Nelle Zware Shag 10*50;Format 10*50;123.00;20931_van_nelle_zware_shag_10_5.jpg
311;Tabac;West Red 125;Pot / Blague;18.00;21230_west_red_125.jpg
312;Tabac;West Red 175;Pot / Blague;26.00;22274_west_red_175.jpg
313;Tabac;West Red Special Cut 400;Pot / Blague;58.00;20987_west_red_special_cut_400.jpg
314;Tabac;West Red Xxl 650;Pot / Blague;95.00;20924_west_red_xxl_650.jpg
315;Tabac;West Silver 170;Pot / Blague;22.40;20914_west_silver_170.jpg
316;Tabac;West Special Cut F P 100;Pot / Blague;13.70;21394_west_special_cut_f_p_100.jpg
317;Tabac;West Yellow 125;Pot / Blague;18.00;20915_west_yellow_125.jpg
318;Tabac;West Yellow 400;Pot / Blague;56.00;22137_west_yellow_400.jpg
319;Tabac;Winston Blau 10x50;Pot / Blague;86.00;20945_winston_blau_10x50.jpg
320;Tabac;Winston Blue 100;Pot / Blague;15.90;20879_winston_blue_100.jpg
321;Tabac;Winston Blue 170;Pot / Blague;27.20;20880_winston_blue_170.jpg
322;Tabac;Winston Blue Hvt Bucket 400;Pot / Blague;63.20;20923_winston_blue_hvt_bucket_4.jpg
323;Tabac;Winston Classic Cut For Tubing 125;Pot / Blague;19.60;20929_winston_classic_cut_for_t.jpg
324;Tabac;Winston Classic Special Cut For Tubing 100;Pot / Blague;15.90;21110_winston_classic_special_c.jpg
325;Tabac;Winston Expert Blue 175;Pot / Blague;29.20;22649_winston_expert_blue_175.jpg
326;Tabac;Winston Expert Cut Blue 300;Pot / Blague;49.30;21159_winston_expert_cut_blue_3.jpg
327;Tabac;Winston Expert Red 175;Pot / Blague;29.20;22647_winston_expert_red_175.jpg
328;Tabac;Winston Fresh Pack Red 150;Pot / Blague;23.70;21183_winston_fresh_pack_red_15.jpg
329;Tabac;Winston Myo 300;Pot / Blague;49.30;20936_winston_myo_300.jpg
330;Tabac;Winston Red 400;Pot / Blague;63.20;21008_winston_red_400.jpg
331;Tabac;Winston Red Bucket 500;Pot / Blague;79.40;20926_winston_red_bucket_500.jpg
332;Tabac;Winston Red Giga Bucket 650;Pot / Blague;101.00;20885_winston_red_giga_bucket_6.jpg
333;Tabac;Winston Rot 10x50;Pot / Blague;86.00;20944_winston_rot_10x50.jpg
334;Tabac;Winston Volume Blue 250;Pot / Blague;39.50;21042_winston_volume_blue_250.jpg
335;Tabac;Winston Volume Red 250;Pot / Blague;39.50;20928_winston_volume_red_250.jpg
336;Tabac;Zilver Zwaar By Drum 8*60;Format 8*60;90.40;21449_zilver_zwaar_by_drum_8_60.jpg
337;Cigares;Agio Meharis Ecuador 20;Cigare;10.10;19733_agio_meharis_ecuador_20.jpg
338;Cigares;Agio Meharis Java 20;Cigare;10.10;22457_agio_meharis_java_20.jpg
339;Cigares;Agio Meharis Sweet Orient 20;Cigare;9.70;19734_agio_meharis_sweet_orient.jpg
340;Cigares;Al Capone Duo Filter 18;Cigare;5.30;22015_al_capone_duo_filter_18.jpg
341;Cigares;Al Capone Pockets Flame Filter 18;Cigare;5.50;21853_al_capone_pockets_flame_f.jpg
342;Cigares;Al Capone Pockets Original Filter 18;Cigare;5.30;21855_al_capone_pockets_origina.jpg
343;Cigares;Alec Bradley Black Market Gordo;Cigare;12.00;22519_alec_bradley_black_market.jpg
344;Cigares;Alec Bradley Black Market Robusto;Cigare;10.00;22520_alec_bradley_black_market.jpg
345;Cigares;Alec Bradley Chunk Maduro Xl;Cigare;9.40;22517_alec_bradley_chunk_maduro.jpg
346;Cigares;Balmoral Puro Nicaragua Roth Masivo;Cigare;7.50;21161_balmoral_puro_nicaragua_r.jpg
347;Cigares;Cao Brazilia Gol;Cigare;9.40;14578_cao_brazilia_gol.jpg
348;Cigares;Cao Medio Tiempo Robusto;Cigare;9.40;21919_cao_medio_tiempo_robusto.jpg
349;Cigares;Cao Pilon Robusto;Cigare;8.30;17114_cao_pilon_robusto.jpg
350;Cigares;Cao Pilon Robusto Extra Freshpack 3;Cigare;24.00;21792_cao_pilon_robusto_extra_f.jpg
351;Cigares;Cao Pilon Toro;Cigare;8.70;18151_cao_pilon_toro.jpg
352;Cigares;Clubmaster 20 Mini Filter Iceland 224;Cigare;6.50;22390_clubmaster_20_mini_filter.jpg
353;Cigares;Clubmaster Mini Filter 20;Cigare;6.80;21475_clubmaster_mini_filter_20.jpg
354;Cigares;Clubmaster Superior Vanilla Filter 20;Cigare;7.30;21272_clubmaster_superior_vanil.jpg
355;Cigares;Clubmaster Superior Vanilla Mini 20;Cigare;6.80;21100_clubmaster_superior_vanil.jpg
356;Cigares;Cortes Amigos Cigarros 50;Cigare;18.50;19068_cortes_amigos_cigarros_50.jpg
357;Cigares;Cortes Amigos Original 50;Cigare;19.00;19070_cortes_amigos_original_50.jpg
358;Cigares;Cortes Classic 25;Cigare;27.00;18887_cortes_classic_25.jpg
359;Cigares;Cortes Club 25;Cigare;33.50;18911_cortes_club_25.jpg
360;Cigares;Cortes Milord 25;Cigare;29.00;15644_cortes_milord_25.jpg
361;Cigares;Cortes Mini 50;Cigare;28.50;19061_cortes_mini_50.jpg
362;Cigares;Cortes Presidency 25;Cigare;39.50;19062_cortes_presidency_25.jpg
363;Cigares;Cortes Selection 20;Cigare;44.00;18913_cortes_selection_20.jpg
364;Cigares;Cubanos Cigarillos 50;Cigare;14.00;20671_cubanos_cigarillos_50.jpg
365;Cigares;Cubanos Half Corona 25;Cigare;12.00;20100_cubanos_half_corona_25.jpg
366;Cigares;Cubanos Wilde Senoritas 50;Cigare;16.00;22535_cubanos_wilde_senoritas_5.jpg
367;Cigares;Cubanos Wilde Spriet 50;Cigare;14.70;20364_cubanos_wilde_spriet_50.jpg
368;Cigares;Danneman 20 Moods;Cigare;8.00;20330_danneman_20_moods.jpg
369;Cigares;Danneman Mini Moods Double Filter 20;Cigare;7.90;20326_danneman_mini_moods_doubl.jpg
370;Cigares;Danneman Moods Filtre 20;Cigare;8.10;20332_danneman_moods_filtre_20.jpg
371;Cigares;Danneman Moods Gold Filtre 20;Cigare;8.10;21859_danneman_moods_gold_filtr.jpg
372;Cigares;Danneman Moods Silver Filtre 20;Cigare;7.60;21861_danneman_moods_silver_fil.jpg
373;Cigares;Danneman Moods Sunshine Filtre 20;Cigare;7.90;21863_danneman_moods_sunshine_f.jpg
374;Cigares;Don Tomas Bundle Robusto 10;Cigare;28.40;20646_don_tomas_bundle_robusto_.jpg
375;Cigares;Don Tomas Bundle Rothschild 10;Cigare;26.50;18150_don_tomas_bundle_rothschi.jpg
376;Cigares;Don Tomas Clasico Robusto;Cigare;5.50;20473_don_tomas_clasico_robusto.jpg
377;Cigares;Don Tomas Clasico Rothschild;Cigare;5.20;14572_don_tomas_clasico_rothsch.jpg
378;Cigares;Don Tomas Corojo;Cigare;6.00;20002_don_tomas_corojo.jpg
379;Cigares;Don Tomas Nicaragua Robusto;Cigare;6.10;14573_don_tomas_nicaragua_robus.jpg
380;Cigares;Don Tomas Nicaragua Rothschild;Cigare;5.50;17688_don_tomas_nicaragua_roths.jpg
381;Cigares;Don Tomas Nicaragua Toro;Cigare;6.90;18376_don_tomas_nicaragua_toro.jpg
382;Cigares;El Dorado Cigarillos 50;Cigare;14.90;21857_el_dorado_cigarillos_50.jpg
383;Cigares;El Dorado Half Corona 25;Cigare;12.70;20334_el_dorado_half_corona_25.jpg
384;Cigares;El Dorado Senoritas 50;Cigare;15.70;20335_el_dorado_senoritas_50.jpg
385;Cigares;Handelsgold Blond 5;Cigare;1.50;21274_handelsgold_blond_5.jpg
386;Cigares;Handelsgold Blue 5;Cigare;1.50;21221_handelsgold_blue_5.jpg
387;Cigares;Handelsgold Green 5;Cigare;1.50;21102_handelsgold_green_5.jpg
388;Cigares;Handelsgold Red 5;Cigare;1.50;21223_handelsgold_red_5.jpg
389;Cigares;Handelsgold Sun 5;Cigare;1.50;21225_handelsgold_sun_5.jpg
390;Cigares;Keops Corona 5;Cigare;5.50;20254_keops_corona_5.jpg
391;Cigares;Keops Corona Brasil 5;Cigare;5.50;20252_keops_corona_brasil_5.jpg
392;Cigares;La Estrella Polar Gigante;Cigare;4.00;20442_la_estrella_polar_gigante.jpg
393;Cigares;La Estrella Solar Robusto;Cigare;3.80;21565_la_estrella_solar_robusto.jpg
394;Cigares;Macanudo Emissary Espania Robusto;Cigare;12.30;22750_macanudo_emissary_espania.jpg
395;Cigares;Macanudo Inspirado White Robusto;Cigare;6.70;18723_macanudo_inspirado_white_.jpg
396;Cigares;Macanudo Inspirado White Robusto Freshpack 3;Cigare;20.10;21793_macanudo_inspirado_white_.jpg
397;Cigares;Macanudo Vintage 2013 Mad Toro Grande;Cigare;16.70;21796_macanudo_vintage_2013_mad.jpg
398;Cigares;Neos Mini Java 20;Cigare;7.20;15646_neos_mini_java_20.jpg
399;Cigares;Neos Mini White Filter 20;Cigare;6.50;21477_neos_mini_white_filter_20.jpg
400;Cigares;San Pedro De Macoris Brazil Robusto;Cigare;5.80;19840_san_pedro_de_macoris_braz.jpg
401;Cigares;San Pedro De Macoris Ecuador Robusto;Cigare;5.80;19839_san_pedro_de_macoris_ecua.jpg
402;Cigares;San Pedro De Macoris Nicaragua Robusto;Cigare;5.50;19838_san_pedro_de_macoris_nica.jpg
403;Cigares;San Pedro De Macoris Sungrown Robusto;Cigare;5.50;21887_san_pedro_de_macoris_sung.jpg
404;Cigares;Silencio Red Dot Robusto;Cigare;10.50;20399_silencio_red_dot_robusto.jpg
405;Cigares;Toscanello 5;Cigare;5.80;21865_toscanello_5.jpg
406;Cigares;Toscanello Bianco Raffinato 5;Cigare;6.00;21867_toscanello_bianco_raffina.jpg
407;Cigares;Toscanello Castano Raffinato 5;Cigare;6.00;21869_toscanello_castano_raffin.jpg
408;Cigares;Toscanello Giallo 5;Cigare;5.80;21871_toscanello_giallo_5.jpg
409;Cigares;Toscanello Rosso 5;Cigare;5.80;21873_toscanello_rosso_5.jpg
410;Cigares;Toscanello Verde 5;Cigare;5.80;21875_toscanello_verde_5.jpg
411;Cigares;Toscano Classico 5;Cigare;8.30;22155_toscano_classico_5.jpg
412;Cigares;Toscano Robusto 4;Cigare;12.80;22133_toscano_robusto_4.jpg
413;Alcools;A.H.Riise Non Plus Ultra Black Edition + Gb 70cl 42%;Format 70cl;106.5;16772_a_h_riise_non_plus_ultra_.jpg
414;Alcools;Abacaty Cream Liqueur 50cl 17%;Format 50cl;7.99;19741_abacaty_cream_liqueur_50c.jpg
415;Alcools;Aberfeldy 12 Years + Gb 70cl 40%;Format 70cl;31.95;18459_aberfeldy_12_years___gb_7.jpg
416;Alcools;Absolut Apple Juice 50cl 35%;Format 50cl;11.95;20730_absolut_apple_juice_50cl_.jpg
417;Alcools;Absolut Citron 70cl 40%;Format 70cl;13.95;19580_absolut_citron_70cl_40_.jpg
418;Alcools;Absolut Grapefruit 70cl 40%;Format 70cl;13.95;19364_absolut_grapefruit_70cl_4.jpg
419;Alcools;Absolut Lime 70cl 40%;Format 70cl;13.95;19578_absolut_lime_70cl_40_.jpg
420;Alcools;Absolut Mandarin 100cl 40%;Format 100cl;19.45;20463_absolut_mandarin_100cl_40.jpg
421;Alcools;Absolut Mango 70cl 38%;Format 70cl;13.95;20434_absolut_mango_70cl_38_.jpg
422;Alcools;Absolut Peach 70cl 38%;Format 70cl;13.95;21533_absolut_peach_70cl_38_.jpg
423;Alcools;Absolut Raspberri 70cl 38%;Format 70cl;13.95;19363_absolut_raspberri_70cl_38.jpg
424;Alcools;Absolut Sensations 70cl 20%;Format 70cl;14.95;20736_absolut_sensations_70cl_2.jpg
425;Alcools;Absolut Tabasco 70cl 38%;Format 70cl;14.95;22630_absolut_tabasco_70cl_38_.jpg
426;Alcools;Absolut Watermelon 70cl 38%;Format 70cl;13.95;19396_absolut_watermelon_70cl_3.jpg
427;Alcools;Abuelo Anejo 12 Anos Panama + Gb 70cl 40%;Format 70cl;27.95;19849_abuelo_anejo_12_anos_pana.jpg
428;Alcools;Adnams First Rate 70cl 48%;Format 70cl;26.95;16282_adnams_first_rate_70cl_48.jpg
429;Alcools;Akashi Meisei Deluxe Sherry Cask + Gb Gb 50cl 40%;Format 50cl;35.9;22206_akashi_meisei_deluxe_sher.jpg
430;Alcools;Alcool Neutre 96 100cl 96%;Format 100cl;23.95;3755_alcool_neutre_96_100cl_96.jpg
431;Alcools;Amaretto California 70cl 15%;Format 70cl;5.95;22644_amaretto_california_70cl_.jpg
432;Alcools;Amarula 70cl 17%;Format 70cl;10.95;22549_amarula_70cl_17_.jpg
433;Alcools;Amazzoni Maniuara Citrico Gin Brazil 70cl 38%;Format 70cl;27.5;20476_amazzoni_maniuara_citrico.jpg
434;Alcools;Aperol 100cl 11%;Format 100cl;14.95;15981_aperol_100cl_11_.jpg
435;Alcools;Ardbeg 10 Years 70cl 46%;Format 70cl;39.95;20566_ardbeg_10_years_70cl_46_.jpg
436;Alcools;Arran 10 Years + Gb 70cl 46%;Format 70cl;35.95;21997_arran_10_years___gb_70cl_.jpg
437;Alcools;Bacardi 100cl 37.5%;Format 100cl;15.89;12772_bacardi_100cl_37_5_.jpg
438;Alcools;Bacardi Carta Blanca 70cl 37.5%;Format 70cl;9.49;17282_bacardi_carta_blanca_70cl.jpg
439;Alcools;Bacardi Carta Negra 70cl 37.5%;Format 70cl;12.85;12223_bacardi_carta_negra_70cl_.jpg
440;Alcools;Bacardi Carta Oro 70cl 40%;Format 70cl;12.85;18255_bacardi_carta_oro_70cl_40.jpg
441;Alcools;Bacardi Coconut 70cl 27%;Format 70cl;11.95;21890_bacardi_coconut_70cl_27_.jpg
442;Alcools;Bacardi Cuatro Anos 70cl 40%;Format 70cl;15.8;17588_bacardi_cuatro_anos_70cl_.jpg
443;Alcools;Bacardi Limon 70cl 27%;Format 70cl;12.95;12286_bacardi_limon_70cl_27_.jpg
444;Alcools;Bacardi Punch 70cl 14.9%;Format 70cl;9.95;20770_bacardi_punch_70cl_14_9_.jpg
445;Alcools;Bacardi Razz 70cl 27%;Format 70cl;11.95;12472_bacardi_razz_70cl_27_.jpg
446;Alcools;Bacardi Tropical 70cl 32%;Format 70cl;12.95;20771_bacardi_tropical_70cl_32_.jpg
447;Alcools;Baileys 70cl 17%;Format 70cl;10.95;11637_baileys_70cl_17_.jpg
448;Alcools;Baileys Chocolat 50cl 15.7%;Format 50cl;12.95;22003_baileys_chocolat_50cl_15_.jpg
449;Alcools;Baileys Espresso Creme 50cl 17%;Format 50cl;12.95;19234_baileys_espresso_creme_50.jpg
450;Alcools;Baileys Zimtschnecke 50cl 17%;Format 50cl;12.45;22098_baileys_zimtschnecke_50cl.jpg
451;Alcools;Ballantine'S Finest Elton John Edition 70cl 40%;Format 70cl;16.95;21891_ballantine_s_finest_elton.jpg
452;Alcools;Ballantines 70cl 40%;Format 70cl;11.95;10708_ballantines_70cl_40_.jpg
453;Alcools;Batida Di Coco 70cl 16%;Format 70cl;8.65;6287_batida_di_coco_70cl_16_.jpg
454;Alcools;Beluga Hunting Berry 70cl 38%;Format 70cl;24.95;19686_beluga_hunting_berry_70cl.jpg
455;Alcools;Belvedere 175cl 40%;Format 175cl;89.5;21998_belvedere_175cl_40_.jpg
456;Alcools;Belvedere 70cl 40%;Format 70cl;31.95;13041_belvedere_70cl_40_.jpg
457;Alcools;Belvedere Chrome Limited Edition 175cl 40%;Format 175cl;119.0;21893_belvedere_chrome_limited_.jpg
458;Alcools;Belvedere Heritage 70cl 40%;Format 70cl;42.95;18873_belvedere_heritage_70cl_4.jpg
459;Alcools;Belvedere Nr.10 + Light 70cl 40%;Format 70cl;149.0;21277_belvedere_nr_10___light_7.jpg
460;Alcools;Belvedere Pure Chrome Luminous Limited Edition 70cl 40%;Format 70cl;39.95;21894_belvedere_pure_chrome_lum.jpg
461;Alcools;Belvedere Summer Limited Edition 70cl 40%;Format 70cl;36.95;21606_belvedere_summer_limited_.jpg
462;Alcools;Beylerbeyi Teragold Raki 70cl 45%;Format 70cl;32.95;21897_beylerbeyi_teragold_raki_.jpg
463;Alcools;Bisquit & Dubouche Vs 70cl 40%;Format 70cl;24.95;19939_bisquit___dubouche_vs_70c.jpg
464;Alcools;Bloom Jasmine & Rose 70cl 40%;Format 70cl;27.95;18734_bloom_jasmine___rose_70cl.jpg
465;Alcools;Bombarda Culverin 5-8 Years Rum 70cl 43%;Format 70cl;32.45;22207_bombarda_culverin_5_8_yea.jpg
466;Alcools;Bombay Bramble 70cl 37.5%;Format 70cl;19.95;18787_bombay_bramble_70cl_37_5_.jpg
467;Alcools;Bombay Citron Presse 70cl 37.5%;Format 70cl;19.95;21193_bombay_citron_presse_70cl.jpg
468;Alcools;Bombay London Dry Gin 100cl 37.5%;Format 100cl;18.95;20567_bombay_london_dry_gin_100.jpg
469;Alcools;Bombay Sapphire 70cl 40%;Format 70cl;14.89;13781_bombay_sapphire_70cl_40_.jpg
470;Alcools;Borghetti Espresso 70cl 25%;Format 70cl;15.95;16271_borghetti_espresso_70cl_2.jpg
471;Alcools;Botran Cobre Spiced 70cl 45%;Format 70cl;47.6;19005_botran_cobre_spiced_70cl_.jpg
472;Alcools;Bottega Lemon Spritz 75cl 5.4%;Format 75cl;9.45;22004_bottega_lemon_spritz_75cl.jpg
473;Alcools;Bowmore 12 Years 70cl 40%;Format 70cl;34.95;14405_bowmore_12_years_70cl_40_.jpg
474;Alcools;Bulldog Gin 70cl 40%;Format 70cl;15.95;18206_bulldog_gin_70cl_40_.jpg
475;Alcools;Bumbu The Original Barbados Rum 70cl 40%;Format 70cl;26.95;18706_bumbu_the_original_barbad.jpg
476;Alcools;Bushmills Malt 10 Years 70cl 40%;Format 70cl;25.5;13000_bushmills_malt_10_years_7.jpg
477;Alcools;Cabo Bay Brown 70cl 40%;Format 70cl;5.99;22558_cabo_bay_brown_70cl_40_.jpg
478;Alcools;Cachaca 51 70cl 38%;Format 70cl;10.95;15437_cachaca_51_70cl_38_.jpg
479;Alcools;Cafe Marakesh Original 70cl 23%;Format 70cl;12.45;12896_cafe_marakesh_original_70.jpg
480;Alcools;Caffo Vecchio Amaro Del Capo 70cl 35%;Format 70cl;14.95;19143_caffo_vecchio_amaro_del_c.jpg
481;Alcools;Campari 100cl 25%;Format 100cl;16.95;11592_campari_100cl_25_.jpg
482;Alcools;Campari 300cl 25%;Format 300cl;110.0;19913_campari_300cl_25_.jpg
483;Alcools;Canadian Club 70cl 40%;Format 70cl;12.95;3467_canadian_club_70cl_40_.jpg
484;Alcools;Cannabis Sativa Fibre Flavoured Liquor 70cl 14.5%;Format 70cl;17.95;18921_cannabis_sativa_fibre_fla.jpg
485;Alcools;Caol Ila 12y 70cl 43%;Format 70cl;42.95;13103_caol_ila_12y_70cl_43_.jpg
486;Alcools;Captain Morgan Dark 70cl 40%;Format 70cl;11.95;14677_captain_morgan_dark_70cl_.jpg
487;Alcools;Captain Morgan Sliced Apple 70cl 25%;Format 70cl;10.95;19819_captain_morgan_sliced_app.jpg
488;Alcools;Captain Morgan Spiced Gold Barrel 150cl 35%;Format 150cl;22.95;22208_captain_morgan_spiced_gol.jpg
489;Alcools;Captain Morgan Tiki Mango & Pineapple 70cl 25%;Format 70cl;11.95;20118_captain_morgan_tiki_mango.jpg
490;Alcools;Cardhu 12 Years 200th Anniversary + Gb 70cl 40%;Format 70cl;34.95;12808_cardhu_12_years_200th_ann.jpg
491;Alcools;Carte Blanche Brut St Martin 75cl 11.5%;Format 75cl;7.45;22603_carte_blanche_brut_st_mar.jpg
492;Alcools;Cellini Limoncello 70cl 25%;Format 70cl;10.95;18835_cellini_limoncello_70cl_2.jpg
493;Alcools;Chateau Du Breuil 15 Years Calvados 70cl 41%;Format 70cl;42.95;22186_chateau_du_breuil_15_year.jpg
494;Alcools;Chenet Ice Blanc 75cl 10.5%;Format 75cl;5.2;16284_chenet_ice_blanc_75cl_10_.jpg
495;Alcools;China Clementi Antico Elixir + Gb 70cl 33%;Format 70cl;29.95;17744_china_clementi_antico_eli.jpg
496;Alcools;Chivas + Balance 450cl 40%;Format 450cl;229.0;20241_chivas___balance_450cl_40.jpg
497;Alcools;Chivas Regal 12 Years 70cl 40%;Format 70cl;22.95;15725_chivas_regal_12_years_70c.jpg
498;Alcools;Chivas Regal 16 Years Charles Leclerc + Gb 70cl 40%;Format 70cl;54.95;15432_chivas_regal_16_years_cha.jpg
499;Alcools;Chivas Regal 25 Years Old 70cl 40%;Format 70cl;279.0;14146_chivas_regal_25_years_old.jpg
500;Alcools;Chivas Royal Salute 21 Years 70cl 40%;Format 70cl;129.0;12525_chivas_royal_salute_21_ye.jpg
501;Alcools;Ciroc 70cl 40%;Format 70cl;25.9;14407_ciroc_70cl_40_.jpg
502;Alcools;Ciroc Apple 70cl 37.5%;Format 70cl;22.95;18725_ciroc_apple_70cl_37_5_.jpg
503;Alcools;Ciroc Apple Carton De 6 Bt 70cl 37.5%;Format 70cl;120.0;14479_ciroc_apple_carton_de_6_b.jpg
504;Alcools;Ciroc Coconut 70cl 37.5%;Format 70cl;22.95;13724_ciroc_coconut_70cl_37_5_.jpg
505;Alcools;Ciroc Coconut Carton De 6 Bt 70cl 37.5%;Format 70cl;120.0;15595_ciroc_coconut_carton_de_6.jpg
506;Alcools;Ciroc Limonata Carton De 6 Bt 70cl 37.5%;Format 70cl;120.0;21563_ciroc_limonata_carton_de_.jpg
507;Alcools;Ciroc Mango 70cl 37.5%;Format 70cl;22.95;19137_ciroc_mango_70cl_37_5_.jpg
508;Alcools;Ciroc Peach Carton De 6 Bt 70cl 37.5%;Format 70cl;143.7;16547_ciroc_peach_carton_de_6_b.jpg
509;Alcools;Ciroc Pineapple 70cl 37.5%;Format 70cl;22.95;16514_ciroc_pineapple_70cl_37_5.jpg
510;Alcools;Ciroc Pomegranate 70cl 37.5%;Format 70cl;42.95;19961_ciroc_pomegranate_70cl_37.jpg
511;Alcools;Ciroc Red Berry Carton De 6 Bt 70cl 37.5%;Format 70cl;120.0;15780_ciroc_red_berry_carton_de.jpg
512;Alcools;Ciroc Strawberry Limonade 70cl 30%;Format 70cl;32.95;21989_ciroc_strawberry_limonade.jpg
513;Alcools;Ciroc Summer Citrus 70cl 37.5%;Format 70cl;29.95;20081_ciroc_summer_citrus_70cl_.jpg
514;Alcools;Ciroc Summer Watermelon 70cl 37.5%;Format 70cl;25.95;21659_ciroc_summer_watermelon_7.jpg
515;Alcools;Clan Campbell 70cl 40%;Format 70cl;9.95;17698_clan_campbell_70cl_40_.jpg
516;Alcools;Clase Azul Plata + Gb 70cl 40%;Format 70cl;149.0;21783_clase_azul_plata___gb_70c.jpg
517;Alcools;Cointreau 70cl 40%;Format 70cl;12.95;9495_cointreau_70cl_40_.jpg
518;Alcools;Courvoisier Vs 70cl 40%;Format 70cl;23.95;3475_courvoisier_vs_70cl_40_.jpg
519;Alcools;Cream Heroes Coco Cream With Tequila 70cl 17%;Format 70cl;15.95;22211_cream_heroes_coco_cream_w.jpg
520;Alcools;Creme De Cassis De Dijon 70cl 16%;Format 70cl;9.95;10856_creme_de_cassis_de_dijon_.jpg
521;Alcools;Crown Royal 100cl 40%;Format 100cl;29.95;21901_crown_royal_100cl_40_.jpg
522;Alcools;Crystal Head Aurora Ed. + Gb 70cl 40%;Format 70cl;43.95;21202_crystal_head_aurora_ed___.jpg
523;Alcools;Cubaney Tesoro Aã±Os 25 Solera + Gb 70cl 38%;Format 70cl;39.95;17515_cubaney_tesoro_a__os_25_s.jpg
524;Alcools;Cuervo Especial Reposado 70cl 38%;Format 70cl;13.95;10834_cuervo_especial_reposado_.jpg
525;Alcools;Cynar 100cl 16.5%;Format 100cl;13.95;11359_cynar_100cl_16_5_.jpg
526;Alcools;Deadhead Dark Chocolate Rum 70cl 35%;Format 70cl;39.95;17314_deadhead_dark_chocolate_r.jpg
527;Alcools;Demandis Creme De Cafe 70cl 18%;Format 70cl;4.99;22693_demandis_creme_de_cafe_70.jpg
528;Alcools;Dictador 10 Years 70cl 40%;Format 70cl;26.95;22373_dictador_10_years_70cl_40.jpg
529;Alcools;Dimple Gold Selection 70cl 40%;Format 70cl;20.95;14630_dimple_gold_selection_70c.jpg
530;Alcools;Diplomatico Mantuano Extra Anejo + Gb 70cl 40%;Format 70cl;23.95;15524_diplomatico_mantuano_extr.jpg
531;Alcools;Disaronno 70cl 28%;Format 70cl;13.89;3745_disaronno_70cl_28_.jpg
532;Alcools;Don Diego Encantador Ron 1997 Vintage S. Barrel 70cl 40%;Format 70cl;39.95;18220_don_diego_encantador_ron_.jpg
533;Alcools;Dona Celia Tequila Aã±Ejo Agave Agave 70cl 40%;Format 70cl;59.95;22280_dona_celia_tequila_a__ejo.jpg
534;Alcools;Drambuie 70cl 40%;Format 70cl;21.95;22670_drambuie_70cl_40_.jpg
535;Alcools;Dubai Schokoladen LiköR 50cl 15%;Format 50cl;14.95;21828_dubai_schokoladen_lik_r_5.jpg
536;Alcools;Edinburgh Raspberry Gin Liqueur 50cl 20%;Format 50cl;5.99;17747_edinburgh_raspberry_gin_l.jpg
537;Alcools;Eristoff Black 70cl 18%;Format 70cl;7.99;17781_eristoff_black_70cl_18_.jpg
538;Alcools;Etsu Double Yuzu Limited Edition + Gb 70cl 43%;Format 70cl;45.8;19910_etsu_double_yuzu_limited_.jpg
539;Alcools;Exquisito 1985 70cl 40%;Format 70cl;48.95;17163_exquisito_1985_70cl_40_.jpg
540;Alcools;Ferrari Brut 75cl 12%;Format 75cl;19.95;22613_ferrari_brut_75cl_12_.jpg
541;Alcools;Filliers Citron 70cl 20%;Format 70cl;8.99;19113_filliers_citron_70cl_20_.jpg
542;Alcools;Finlandia 70cl 40%;Format 70cl;10.99;12712_finlandia_70cl_40_.jpg
543;Alcools;Five Lakes Vodka 70cl 40%;Format 70cl;9.95;22008_five_lakes_vodka_70cl_40_.jpg
544;Alcools;Flavors Island Agruma Beach 70cl 35%;Format 70cl;19.95;20054_flavors_island_agruma_bea.jpg
545;Alcools;Flor De Cana 12 Years 70cl 40%;Format 70cl;27.95;16995_flor_de_cana_12_years_70c.jpg
546;Alcools;Fortin Epopeya Rum Del Paraguay + Gb 70cl 40%;Format 70cl;34.95;22490_fortin_epopeya_rum_del_pa.jpg
547;Alcools;Four Roses 70cl 40%;Format 70cl;14.95;20041_four_roses_70cl_40_.jpg
548;Alcools;Framboise Spiritueux 100cl 40%;Format 100cl;16.95;3749_framboise_spiritueux_100c.jpg
549;Alcools;Freixenet Cordon Negro Brut 75cl 11.5%;Format 75cl;6.95;11258_freixenet_cordon_negro_br.jpg
550;Alcools;Game Time Vodka 70cl 40%;Format 70cl;21.95;22795_game_time_vodka_70cl_40_.jpg
551;Alcools;Get 27 Pepermint 70cl 17.9%;Format 70cl;10.95;20724_get_27_pepermint_70cl_17_.jpg
552;Alcools;Gibsons Gin 70cl 37.5%;Format 70cl;8.95;16073_gibsons_gin_70cl_37_5_.jpg
553;Alcools;Gin Mare 70cl 42.7%;Format 70cl;28.45;11603_gin_mare_70cl_42_7_.jpg
554;Alcools;Ginato Clementino Orange 70cl 43%;Format 70cl;19.95;20140_ginato_clementino_orange_.jpg
555;Alcools;Glayva Liqueur 70cl 35%;Format 70cl;19.95;21614_glayva_liqueur_70cl_35_.jpg
556;Alcools;Glenfiddich 12 Years 70cl 40%;Format 70cl;29.95;10756_glenfiddich_12_years_70cl.jpg
557;Alcools;Golden Arms Whisky 70cl 40%;Format 70cl;7.95;21279_golden_arms_whisky_70cl_4.jpg
558;Alcools;Gorbatschow 70cl 37.5%;Format 70cl;8.45;10757_gorbatschow_70cl_37_5_.jpg
559;Alcools;Gordon'S Shimmer Berry 70cl 20%;Format 70cl;11.95;22596_gordon_s_shimmer_berry_70.jpg
560;Alcools;Gordon'S Tropical Passionfruit 70cl 37.5%;Format 70cl;9.95;21517_gordon_s_tropical_passion.jpg
561;Alcools;Gordons Gin 70cl 37.5%;Format 70cl;8.99;11082_gordons_gin_70cl_37_5_.jpg
562;Alcools;Gordons Pink Gin 70cl 37.5%;Format 70cl;11.45;18247_gordons_pink_gin_70cl_37_.jpg
563;Alcools;Gordons Sicilian Lemon 70cl 37.5%;Format 70cl;9.95;18803_gordons_sicilian_lemon_70.jpg
564;Alcools;Got House Baratheon - Royal Lochnagar 12y 70cl 40%;Format 70cl;79.95;18584_got_house_baratheon___roy.jpg
565;Alcools;Grants 70cl 40%;Format 70cl;9.95;6180_grants_70cl_40_.jpg
566;Alcools;Grey Goose 150cl 40%;Format 150cl;69.95;16926_grey_goose_150cl_40_.jpg
567;Alcools;Grey Goose 300cl 40%;Format 300cl;179.0;12508_grey_goose_300cl_40_.jpg
568;Alcools;Grey Goose 450cl 40%;Format 450cl;339.0;18417_grey_goose_450cl_40_.jpg
569;Alcools;Grey Goose Altius 70cl 40%;Format 70cl;99.9;22567_grey_goose_altius_70cl_40.jpg
570;Alcools;Grey Goose Citron 70cl 40%;Format 70cl;29.95;20042_grey_goose_citron_70cl_40.jpg
571;Alcools;Grey Goose In Sleeve 70cl 40%;Format 70cl;35.95;17149_grey_goose_in_sleeve_70cl.jpg
572;Alcools;Grey Goose Orange 70cl 40%;Format 70cl;32.95;21747_grey_goose_orange_70cl_40.jpg
573;Alcools;Grey Goose Poire 70cl 40%;Format 70cl;29.95;21746_grey_goose_poire_70cl_40_.jpg
574;Alcools;Grey Goose Strawberry 70cl 30%;Format 70cl;17.95;22663_grey_goose_strawberry_70c.jpg
575;Alcools;Gvine Gin De France Nouaison 70cl 45%;Format 70cl;29.95;18306_gvine_gin_de_france_nouai.jpg
576;Alcools;Havana Club 3 Anos 70cl 37.5%;Format 70cl;10.95;10060_havana_club_3_anos_70cl_3.jpg
577;Alcools;Havana Club Especial 70cl 37.5%;Format 70cl;13.95;12160_havana_club_especial_70cl.jpg
578;Alcools;Hennessy Vs 70cl 40%;Format 70cl;31.95;10718_hennessy_vs_70cl_40_.jpg
579;Alcools;In Flames No. 13 Sign. Craft Lingonberry Cranberry 70cl 40%;Format 70cl;36.95;18285_in_flames_no__13_sign__cr.jpg
580;Alcools;Irish Mist Honey 70cl 35%;Format 70cl;15.95;22694_irish_mist_honey_70cl_35_.jpg
581;Alcools;Ish Gin Coffret Botanicals For Mixology 70cl 41%;Format 70cl;14.95;16761_ish_gin_coffret_botanical.jpg
582;Alcools;Isle Of Jura The Loch + Gb 70cl 44.5%;Format 70cl;65.95;17491_isle_of_jura_the_loch___g.jpg
583;Alcools;Izarra Vert 70cl 40%;Format 70cl;22.95;22695_izarra_vert_70cl_40_.jpg
584;Alcools;Jack Daniel'S Legacy 70cl 43%;Format 70cl;24.95;17340_jack_daniel_s_legacy_70cl.jpg
585;Alcools;Jack Daniels 100cl 40%;Format 100cl;23.99;11650_jack_daniels_100cl_40_.jpg
586;Alcools;Jack Daniels 300cl 40%;Format 300cl;89.0;10781_jack_daniels_300cl_40_.jpg
587;Alcools;Jack Daniels 70cl 40%;Format 70cl;16.99;10654_jack_daniels_70cl_40_.jpg
588;Alcools;Jack Daniels American Single Malt 100cl 45%;Format 100cl;69.95;21190_jack_daniels_american_sin.jpg
589;Alcools;Jack Daniels Apple 70cl 35%;Format 70cl;17.49;19698_jack_daniels_apple_70cl_3.jpg
590;Alcools;Jack Daniels Blackberry 70cl 35%;Format 70cl;19.95;22483_jack_daniels_blackberry_7.jpg
591;Alcools;Jack Daniels Box + 2 Verres 70cl 40%;Format 70cl;22.95;13729_jack_daniels_box___2_verr.jpg
592;Alcools;Jack Daniels Fire 70cl 35%;Format 70cl;16.95;13908_jack_daniels_fire_70cl_35.jpg
593;Alcools;Jack Daniels Gentleman Jack 70cl 40%;Format 70cl;23.95;11607_jack_daniels_gentleman_ja.jpg
594;Alcools;Jack Daniels Honey + Clock 70cl 35%;Format 70cl;46.9;20455_jack_daniels_honey___cloc.jpg
595;Alcools;Jack Daniels Honey + Metal Box 70cl 35%;Format 70cl;21.45;19812_jack_daniels_honey___meta.jpg
596;Alcools;Jack Daniels Honey Box 24*20 480cl 35%;Format 480cl;155.0;22543_jack_daniels_honey_box_24.jpg
597;Alcools;Jack Daniels Juke Box 70cl 40%;Format 70cl;44.95;19190_jack_daniels_juke_box_70c.jpg
598;Alcools;Jack Daniels Mailbox 70cl 40%;Format 70cl;39.95;20243_jack_daniels_mailbox_70cl.jpg
599;Alcools;Jack Daniels Master Distillers No 6 70cl 43%;Format 70cl;29.5;17868_jack_daniels_master_disti.jpg
600;Alcools;Jack Daniels Master Distillers No 6 L.Ed. 100cl 43%;Format 100cl;32.9;18079_jack_daniels_master_disti.jpg
601;Alcools;Jack Daniels Mc Laren 2025 Limited Edition + Gb 70cl 43%;Format 70cl;26.95;22286_jack_daniels_mc_laren_202.jpg
602;Alcools;Jack Daniels Mc Laren X Limited Edition + Gb 70cl 40%;Format 70cl;23.95;22482_jack_daniels_mc_laren_x_l.jpg
603;Alcools;Jack Daniels Metal Tin Gb 70cl 40%;Format 70cl;20.75;19965_jack_daniels_metal_tin_gb.jpg
604;Alcools;Jack Daniels Red Dog Saloon Lte + Gp 70cl 43%;Format 70cl;32.95;17892_jack_daniels_red_dog_salo.jpg
605;Alcools;Jack Daniels Rye 70cl 45%;Format 70cl;23.75;16707_jack_daniels_rye_70cl_45_.jpg
606;Alcools;Jack Daniels Single Barrel 70cl 45%;Format 70cl;33.9;12614_jack_daniels_single_barre.jpg
607;Alcools;Jack Daniels White Rabbit Saloon 70cl 43%;Format 70cl;47.5;12302_jack_daniels_white_rabbit.jpg
608;Alcools;Jagermeister + 3 Shotglasses 100cl 35%;Format 100cl;20.95;13997_jagermeister___3_shotglas.jpg
609;Alcools;Jameson Malt 70cl 40%;Format 70cl;16.75;13137_jameson_malt_70cl_40_.jpg
610;Alcools;Jawbox Pineapple And Ginger Gin Liqueur 70cl 20%;Format 70cl;19.95;18288_jawbox_pineapple_and_ging.jpg
611;Alcools;Jim Beam 70cl 40%;Format 70cl;11.79;12501_jim_beam_70cl_40_.jpg
612;Alcools;Johnnie Walker Blue L. Chinese Ny Ed. 2021 Of Ox 70cl 40%;Format 70cl;289.0;19826_johnnie_walker_blue_l__ch.jpg
613;Alcools;Johnnie Walker Blue Label 70cl 40%;Format 70cl;149.0;12705_johnnie_walker_blue_label.jpg
614;Alcools;Johnnie Walker Blue Label Ghost&Rare Glenury Royal 43.8 70cl 43.8%;Format 70cl;349.0;20312_johnnie_walker_blue_label.jpg
615;Alcools;Johnnie Walker Blue Label King George V + Gb 70cl 43%;Format 70cl;419.0;20514_johnnie_walker_blue_label.jpg
616;Alcools;Johnnie Walker Gold Reserve + Gb 70cl 40%;Format 70cl;39.95;10774_johnnie_walker_gold_reser.jpg
617;Alcools;Johnnie Walker Green 15 Years 70cl 43%;Format 70cl;39.95;14315_johnnie_walker_green_15_y.jpg
618;Alcools;Johnnie Walker Red 100cl 40%;Format 100cl;16.45;13758_johnnie_walker_red_100cl_.jpg
619;Alcools;Joseph Guy 70cl 40%;Format 70cl;25.95;16277_joseph_guy_70cl_40_.jpg
620;Alcools;Jp Chenet Spritz 75cl 5.5%;Format 75cl;4.85;21497_jp_chenet_spritz_75cl_5_5.jpg
621;Alcools;Jw. Blue Label +2 Crystal Verres Gp 70cl 40%;Format 70cl;225.0;20493_jw__blue_label__2_crystal.jpg
622;Alcools;Jagermeister + 2 Shotglasses 70cl 35%;Format 70cl;16.95;20458_j_germeister___2_shotglas.jpg
623;Alcools;Jagermeister + Game Set 70cl 35%;Format 70cl;16.5;20465_j_germeister___game_set_7.jpg
624;Alcools;Jagermeister 100cl 35%;Format 100cl;16.95;19668_j_germeister_100cl_35_.jpg
625;Alcools;Jagermeister 70cl 35%;Format 70cl;11.99;17675_j_germeister_70cl_35_.jpg
626;Alcools;Jagermeister Party Pack 175cl 35%;Format 175cl;36.9;22000_j_germeister_party_pack_1.jpg
627;Alcools;Jagermeister Scharf Hot Ginger 70cl 33%;Format 70cl;13.95;18560_j_germeister_scharf_hot_g.jpg
628;Alcools;Jagermeister Travellers Exclusi +10 Met Shot Cups 175cl 35%;Format 175cl;39.95;22717_j_germeister_travellers_e.jpg
629;Alcools;Kahlua 70cl 16%;Format 70cl;14.95;10797_kahlua_70cl_16_.jpg
630;Alcools;Ki No Bi Artisan Sei Limited Gin + Gb 70cl 54.5%;Format 70cl;87.5;17224_ki_no_bi_artisan_sei_limi.jpg
631;Alcools;Kong Rainforest Rum Black 12 Years + Gb 70cl 40%;Format 70cl;69.95;22002_kong_rainforest_rum_black.jpg
632;Alcools;La Fee Absinthe Blanche 70cl 53%;Format 70cl;12.95;19007_la_fee_absinthe_blanche_7.jpg
633;Alcools;Lagavulin 8 Years + Gb 70cl 48%;Format 70cl;42.95;22805_lagavulin_8_years___gb_70.jpg
634;Alcools;Laphroaig 10 Years + Gb 70cl 40%;Format 70cl;32.95;16738_laphroaig_10_years___gb_7.jpg
635;Alcools;Legendario De Cuba 9 Years 70cl 40%;Format 70cl;14.95;19544_legendario_de_cuba_9_year.jpg
636;Alcools;Lillet Blanc 75cl 17%;Format 75cl;8.99;17127_lillet_blanc_75cl_17_.jpg
637;Alcools;Limoncello Golmar By Zanin 70cl 30%;Format 70cl;8.95;21908_limoncello_golmar_by_zani.jpg
638;Alcools;Limoncino Bottega 50cl 30%;Format 50cl;9.95;13406_limoncino_bottega_50cl_30.jpg
639;Alcools;Limonello California 70cl 15%;Format 70cl;5.95;22642_limonello_california_70cl.jpg
640;Alcools;Lind & Lime Gin 70cl 44%;Format 70cl;34.6;19084_lind___lime_gin_70cl_44_.jpg
641;Alcools;Liverpool Gin Rose Petal 70cl 43%;Format 70cl;19.95;19545_liverpool_gin_rose_petal_.jpg
642;Alcools;Loch Lomond 14 Years + Gb 70cl 46%;Format 70cl;49.5;20636_loch_lomond_14_years___gb.jpg
643;Alcools;Loopuyt 1772 Dry Gin 70cl 45.1%;Format 70cl;26.95;17144_loopuyt_1772_dry_gin_70cl.jpg
644;Alcools;Luc Belaire Rose 75cl 12.5%;Format 75cl;15.95;22043_luc_belaire_rose_75cl_12_.jpg
645;Alcools;Mandarine Napoleon 70cl 38%;Format 70cl;15.95;8813_mandarine_napoleon_70cl_3.jpg
646;Alcools;Marito Verde Liquore 70cl 27%;Format 70cl;11.95;19660_marito_verde_liquore_70cl.jpg
647;Alcools;Martini Bianco 75cl 14.5%;Format 75cl;6.99;22135_martini_bianco_75cl_14_5_.jpg
648;Alcools;Matusalem 15 Years 70cl 40%;Format 70cl;24.95;14532_matusalem_15_years_70cl_4.jpg
649;Alcools;Mermaid Tears Vodka 50cl 40%;Format 50cl;19.95;17916_mermaid_tears_vodka_50cl_.jpg
650;Alcools;Metaxa 5 Stars 70cl 38%;Format 70cl;10.95;22237_metaxa_5_stars_70cl_38_.jpg
651;Alcools;Mirabelle Spiritueux 100cl 40%;Format 100cl;15.95;3752_mirabelle_spiritueux_100c.jpg
652;Alcools;Mombasa Club Colonels Reserve 70cl 43.5%;Format 70cl;36.5;19767_mombasa_club_colonels_res.jpg
653;Alcools;Monkey 47 Gin 50cl 47%;Format 50cl;35.9;13982_monkey_47_gin_50cl_47_.jpg
654;Alcools;Mont Blanc Vodka 70cl 40%;Format 70cl;24.95;22479_mont_blanc_vodka_70cl_40_.jpg
655;Alcools;Montenegro Amaro 70cl 23%;Format 70cl;14.95;21579_montenegro_amaro_70cl_23_.jpg
656;Alcools;Mortlach 12 Years Old Single Malt + Gb 70cl 43.4%;Format 70cl;53.95;19520_mortlach_12_years_old_sin.jpg
657;Alcools;Mozart Chocolat Lait 50cl 17%;Format 50cl;12.49;17231_mozart_chocolat_lait_50cl.jpg
658;Alcools;Muja Single Grain Irish Whiskey 50cl 42%;Format 50cl;74.45;22287_muja_single_grain_irish_w.jpg
659;Alcools;Nikka From The Barrel Pourer + 2 Glasses Glasses 51.4 50cl 51.4%;Format 50cl;46.95;22231_nikka_from_the_barrel_pou.jpg
660;Alcools;Nordes Atlantic Galician Gin 70cl 40%;Format 70cl;22.95;16378_nordes_atlantic_galician_.jpg
661;Alcools;Nuvo Sparkling 70cl 15%;Format 70cl;19.95;21618_nuvo_sparkling_70cl_15_.jpg
662;Alcools;Old Smuggler 70cl 40%;Format 70cl;10.45;11546_old_smuggler_70cl_40_.jpg
663;Alcools;Olmeca Gold Reposado 70cl 35%;Format 70cl;14.95;19859_olmeca_gold_reposado_70cl.jpg
664;Alcools;Opihr Arabian London Dry Gin Edition 70cl 43%;Format 70cl;19.95;19248_opihr_arabian_london_dry_.jpg
665;Alcools;Outer Space Vodka 70cl 40%;Format 70cl;28.95;16907_outer_space_vodka_70cl_40.jpg
666;Alcools;Ouzo 12 70cl 38%;Format 70cl;10.95;12193_ouzo_12_70cl_38_.jpg
667;Alcools;Passoa 70cl 17%;Format 70cl;9.95;7750_passoa_70cl_17_.jpg
668;Alcools;Pastis Duval 100cl 45%;Format 100cl;11.95;21405_pastis_duval_100cl_45_.jpg
669;Alcools;Pepino Peach 70cl 15%;Format 70cl;8.95;20767_pepino_peach_70cl_15_.jpg
670;Alcools;Picon Biere 100cl 18%;Format 100cl;11.45;17269_picon_biere_100cl_18_.jpg
671;Alcools;Pinaq Liqueur Blue 100cl 17%;Format 100cl;34.9;19412_pinaq_liqueur_blue_100cl_.jpg
672;Alcools;Pinkster Binpinkster Agreeably British Gin 70cl 37.5%;Format 70cl;7.95;16405_pinkster_binpinkster_agre.jpg
673;Alcools;Pisang Ambon Original 70cl 17%;Format 70cl;8.99;9745_pisang_ambon_original_70c.jpg
674;Alcools;Pisco Capel Sour 70cl 14%;Format 70cl;9.45;20231_pisco_capel_sour_70cl_14_.jpg
675;Alcools;Planteray Rum Barbados Grande Reserve 70cl 40%;Format 70cl;21.95;15904_planteray_rum_barbados_gr.jpg
676;Alcools;Poire Cognac Liqueur 70cl 35%;Format 70cl;18.95;21709_poire_cognac_liqueur_70cl.jpg
677;Alcools;Poliakov 70cl 37.5%;Format 70cl;7.99;25806_poliakov_70cl_37_5_.jpg
678;Alcools;Poliakov Caramel 70cl 37.5%;Format 70cl;9.95;22533_poliakov_caramel_70cl_37_.jpg
679;Alcools;Poliakov Cherry 70cl 32%;Format 70cl;9.95;22411_poliakov_cherry_70cl_32_.jpg
680;Alcools;Poliakov Cranberry 70cl 37.5%;Format 70cl;9.95;18456_poliakov_cranberry_70cl_3.jpg
681;Alcools;Poliakov Green Apple 70cl 37.5%;Format 70cl;9.95;22534_poliakov_green_apple_70cl.jpg
682;Alcools;Poliakov Peach 70cl 37.5%;Format 70cl;9.95;22531_poliakov_peach_70cl_37_5_.jpg
683;Alcools;Poliakov Strawberry 70cl 37.5%;Format 70cl;9.95;22532_poliakov_strawberry_70cl_.jpg
684;Alcools;Pongo Ginger-Pepper-Honey 70cl 30%;Format 70cl;17.95;21423_pongo_ginger_pepper_honey.jpg
685;Alcools;Porto Cruz Tawny 100cl 19%;Format 100cl;8.95;5891_porto_cruz_tawny_100cl_19.jpg
686;Alcools;Pravda Vodka Cherry Swarovski Edition 70cl 37.5%;Format 70cl;17.95;21915_pravda_vodka_cherry_swaro.jpg
687;Alcools;Proper No. Twelve Irish Whiskey 70cl 40%;Format 70cl;15.95;21620_proper_no__twelve_irish_w.jpg
688;Alcools;Puschkin 70cl 37.5%;Format 70cl;6.95;15910_puschkin_70cl_37_5_.jpg
689;Alcools;Quetsch Spiritueux 100cl 40%;Format 100cl;13.95;3753_quetsch_spiritueux_100cl_.jpg
690;Alcools;Raki Tekirdag Gobek 70cl 45%;Format 70cl;26.95;22111_raki_tekirdag_gobek_70cl_.jpg
691;Alcools;Ramazzotti Amaro 70cl 30%;Format 70cl;11.79;10817_ramazzotti_amaro_70cl_30_.jpg
692;Alcools;Ratu Spiced Rum 5 Years 70cl 40%;Format 70cl;34.5;18617_ratu_spiced_rum_5_years_7.jpg
693;Alcools;Red Planet Rum + Gb 70cl 37.5%;Format 70cl;29.95;22495_red_planet_rum___gb_70cl_.jpg
694;Alcools;Remy Martin Xo 300cl 40%;Format 300cl;789.0;14604_remy_martin_xo_300cl_40_.jpg
695;Alcools;Remy Martin Xo Limited Edition + Gb 70cl 40%;Format 70cl;159.0;14626_remy_martin_xo_limited_ed.jpg
696;Alcools;Ricard 450cl 45%;Format 450cl;92.95;19124_ricard_450cl_45_.jpg
697;Alcools;Riviere Du Mat Liqueur Noix De Macadamia & Caramel 70cl 17%;Format 70cl;13.95;21927_riviere_du_mat_liqueur_no.jpg
698;Alcools;Roberto Cavalli Vodka 70cl 40%;Format 70cl;26.95;19297_roberto_cavalli_vodka_70c.jpg
699;Alcools;Ron Abuelo Centuria Reserva Familia + Gb 70cl 40%;Format 70cl;119.0;22279_ron_abuelo_centuria_reser.jpg
700;Alcools;Ronsard Brandy Xo 70cl 36%;Format 70cl;8.99;21085_ronsard_brandy_xo_70cl_36.jpg
701;Alcools;Royal Dragon Vodka Imperial + 23 Karat Blattgold 70cl 40%;Format 70cl;59.9;19821_royal_dragon_vodka_imperi.jpg
702;Alcools;Rum Chata Rum Liqueur 70cl 15%;Format 70cl;13.95;19553_rum_chata_rum_liqueur_70c.jpg
703;Alcools;S. Maria Al Monte Limoncino 70cl 30%;Format 70cl;17.95;22227_s__maria_al_monte_limonci.jpg
704;Alcools;Safari 70cl 20%;Format 70cl;8.9;11649_safari_70cl_20_.jpg
705;Alcools;Sakurao Limited + Gb 70cl 47%;Format 70cl;96.0;17654_sakurao_limited___gb_70cl.jpg
706;Alcools;Santocci Limoncello 70cl 28%;Format 70cl;19.95;22106_santocci_limoncello_70cl_.jpg
707;Alcools;Sheridans Liqueur 50cl 15.5%;Format 50cl;11.95;12764_sheridans_liqueur_50cl_15.jpg
708;Alcools;Sierra Gold Reposado 70cl 38%;Format 70cl;12.65;16188_sierra_gold_reposado_70cl.jpg
709;Alcools;Sir Edwards 100cl 40%;Format 100cl;11.79;18146_sir_edwards_100cl_40_.jpg
710;Alcools;Sisca Creme De Cassis De Dijon 70cl 15%;Format 70cl;8.45;12459_sisca_creme_de_cassis_de_.jpg
711;Alcools;Smirnoff 100cl 37.5%;Format 100cl;11.99;11920_smirnoff_100cl_37_5_.jpg
712;Alcools;Smirnoff 300cl 37.5%;Format 300cl;47.9;10726_smirnoff_300cl_37_5_.jpg
713;Alcools;Smirnoff 70cl 37.5%;Format 70cl;8.95;10830_smirnoff_70cl_37_5_.jpg
714;Alcools;Smirnoff Spicy Tamarind Limited Edition 70cl 30%;Format 70cl;7.99;22107_smirnoff_spicy_tamarind_l.jpg
715;Alcools;Smirnoff Vanille 70cl 37.5%;Format 70cl;11.45;22474_smirnoff_vanille_70cl_37_.jpg
716;Alcools;Southern Comfort 70cl 35%;Format 70cl;9.95;3547_southern_comfort_70cl_35_.jpg
717;Alcools;St. James Ambre 70cl 40%;Format 70cl;13.45;18415_st__james_ambre_70cl_40_.jpg
718;Alcools;Suntory Haku Vodka 100cl 40%;Format 100cl;28.9;18410_suntory_haku_vodka_100cl_.jpg
719;Alcools;Talisker 10 Years 70cl 45.8%;Format 70cl;36.2;13267_talisker_10_years_70cl_45.jpg
720;Alcools;Tamnavulin Double Cask + Gb 70cl 40%;Format 70cl;23.95;22478_tamnavulin_double_cask___.jpg
721;Alcools;Tanduay Gold Philippinischer Rum 100cl 40%;Format 100cl;27.8;18872_tanduay_gold_philippinisc.jpg
722;Alcools;Tanqueray Blackcurrant Royale Gin 70cl 41.3%;Format 70cl;14.95;19743_tanqueray_blackcurrant_ro.jpg
723;Alcools;Tanqueray London Gin 70cl 43.1%;Format 70cl;13.75;18562_tanqueray_london_gin_70cl.jpg
724;Alcools;Tanqueray Lovage Ltd 100cl 47.3%;Format 100cl;31.95;18240_tanqueray_lovage_ltd_100c.jpg
725;Alcools;Tanqueray Ten Grapefruit & Rosemary 100cl 45.3%;Format 100cl;32.95;20410_tanqueray_ten_grapefruit_.jpg
726;Alcools;Th Gin Blue Water 70cl 42%;Format 70cl;17.95;16986_th_gin_blue_water_70cl_42.jpg
727;Alcools;The Matsui Peated Single Malt + Gb 70cl 48%;Format 70cl;96.5;19088_the_matsui_peated_single_.jpg
728;Alcools;Tomatin 18 Years 70cl 46%;Format 70cl;103.5;20453_tomatin_18_years_70cl_46_.jpg
729;Alcools;Tomintoul 12 Years Sherry Finish + Gb 70cl 40%;Format 70cl;44.95;16215_tomintoul_12_years_sherry.jpg
730;Alcools;Trojka Pink 70cl 17%;Format 70cl;7.99;22012_trojka_pink_70cl_17_.jpg
731;Alcools;Tullamore 70cl 40%;Format 70cl;14.6;21549_tullamore_70cl_40_.jpg
732;Alcools;Ukiyo Japanese Rice Vodka 70cl 40%;Format 70cl;29.95;19854_ukiyo_japanese_rice_vodka.jpg
733;Alcools;Vecchia Romagna 70cl 38%;Format 70cl;12.95;16897_vecchia_romagna_70cl_38_.jpg
734;Alcools;Vecchio Amaro Del Capo Riserva 100th Anniversary 70cl 37.5%;Format 70cl;52.5;20257_vecchio_amaro_del_capo_ri.jpg
735;Alcools;Vodquila 70cl 40%;Format 70cl;14.45;19889_vodquila_70cl_40_.jpg
736;Alcools;Whitley Neill Aloe & Cucumber 70cl 43%;Format 70cl;21.95;19098_whitley_neill_aloe___cucu.jpg
737;Alcools;William Lawsons 70cl 40%;Format 70cl;7.99;11051_william_lawsons_70cl_40_.jpg
738;Alcools;Williams Spiritueux 100cl 40%;Format 100cl;15.95;3750_williams_spiritueux_100cl.jpg
739;Alcools;Woodberries Liqueur 70cl 12%;Format 70cl;12.45;11505_woodberries_liqueur_70cl_.jpg
740;Alcools;Z44 Distilled Dry Gin 70cl 44%;Format 70cl;34.95;16455_z44_distilled_dry_gin_70c.jpg
741;Alcools;Zlatogor Gnom Vodka 100cl 38%;Format 100cl;36.5;22285_zlatogor_gnom_vodka_100cl.jpg
742;Alcools;Zubrowka 70cl 37.5%;Format 70cl;10.95;19862_zubrowka_70cl_37_5_.jpg
743;Alcools;Poliakov (sous-marque) 70cl 37.5%;Format 70cl;5.49;photo_poliakov_sm.jpg
744;Alcools;Jagermeister (sous-marque) 70cl 35%;Format 70cl;5.99;photo_jagermeister_sm.jpg
745;Alcools;Captain Morgan (sous-marque) 70cl 35%;Format 70cl;6.49;photo_captain_morgan_sm.jpg
746;Alcools;Baileys (sous-marque) 70cl 17%;Format 70cl;5.49;photo_baileys_sm.jpg
747;Alcools;Rhum Blanc (sous-marque) 70cl 37.5%;Format 70cl;6.49;photo_saint_james_sm.jpg
748;Alcools;Gordon's Gin (sous-marque) 70cl 37.5%;Format 70cl;6.49;photo_gordons_sm.jpg
749;Alcools;Jack Daniel's (sous-marque) 70cl 40%;Format 70cl;8.99;photo_jack_daniels_sm.jpg
750;Alcools;Aperol Spritz (sous-marque) 100cl 11%;Format 100cl;5.69;photo_aperol_sm.jpg
751;Alcools;Whisky (sous-marque) 70cl 40%;Format 70cl;7.99;photo_william_peel_sm.jpg
752;Alcools;Get 27 (sous-marque) 70cl 18%;Format 70cl;4.99;photo_get27_sm.jpg
